<?xml version="1.0" encoding="UTF-8"?>
<project-private xmlns="http://www.netbeans.org/ns/project-private/1">
    <editor-bookmarks xmlns="http://www.netbeans.org/ns/editor-bookmarks/2" lastBookmarkId="0"/>
    <open-files xmlns="http://www.netbeans.org/ns/projectui-open-files/2">
        <group>
            <file>file:/E:/mc%20module/Assignments_template_code/A3-LED_Pattern.X/A3-LED_Pattern.X/main.c</file>
            <file>file:/E:/mc%20module/Assignments_template_code/A3-LED_Pattern.X/A3-LED_Pattern.X/digital_keypad.h</file>
            <file>file:/E:/mc%20module/Assignments_template_code/A3-LED_Pattern.X/A3-LED_Pattern.X/main.h</file>
            <file>file:/E:/mc%20module/Assignments_template_code/A3-LED_Pattern.X/A3-LED_Pattern.X/digital_keypad.c</file>
        </group>
    </open-files>
</project-private>
