<?xml version="1.0" encoding="UTF-8"?>
<project-private xmlns="http://www.netbeans.org/ns/project-private/1">
    <editor-bookmarks xmlns="http://www.netbeans.org/ns/editor-bookmarks/2" lastBookmarkId="0"/>
    <open-files xmlns="http://www.netbeans.org/ns/projectui-open-files/2">
        <group>
            <file>file:/E:/mc%20module/Assignments_template_code/A4_timer_isrbased-_led_brightness_control_dimmer.X/A7_timer_isrbased-_led_brightness_control_dimmer.X/main.c</file>
            <file>file:/E:/mc%20module/Assignments_template_code/A4_timer_isrbased-_led_brightness_control_dimmer.X/A7_timer_isrbased-_led_brightness_control_dimmer.X/isr.c</file>
            <file>file:/E:/mc%20module/Assignments_template_code/A4_timer_isrbased-_led_brightness_control_dimmer.X/A7_timer_isrbased-_led_brightness_control_dimmer.X/timers.c</file>
            <file>file:/E:/mc%20module/Assignments_template_code/A4_timer_isrbased-_led_brightness_control_dimmer.X/A7_timer_isrbased-_led_brightness_control_dimmer.X/digital_keypad.c</file>
            <file>file:/E:/mc%20module/Assignments_template_code/A4_timer_isrbased-_led_brightness_control_dimmer.X/A7_timer_isrbased-_led_brightness_control_dimmer.X/timers.h</file>
            <file>file:/E:/mc%20module/Assignments_template_code/A4_timer_isrbased-_led_brightness_control_dimmer.X/A7_timer_isrbased-_led_brightness_control_dimmer.X/digital_keypad.h</file>
            <file>file:/E:/mc%20module/Assignments_template_code/A4_timer_isrbased-_led_brightness_control_dimmer.X/A7_timer_isrbased-_led_brightness_control_dimmer.X/main.h</file>
        </group>
    </open-files>
</project-private>
