<?xml version="1.0" encoding="UTF-8"?>
<project-private xmlns="http://www.netbeans.org/ns/project-private/1">
    <editor-bookmarks xmlns="http://www.netbeans.org/ns/editor-bookmarks/2" lastBookmarkId="0"/>
    <open-files xmlns="http://www.netbeans.org/ns/projectui-open-files/2">
        <group>
            <file>file:/E:/mc%20module/classworks/A12_TIMER_DOWN_COUNT.X/main.c</file>
            <file>file:/E:/mc%20module/classworks/A12_TIMER_DOWN_COUNT.X/isr.c</file>
            <file>file:/E:/mc%20module/classworks/A12_TIMER_DOWN_COUNT.X/ssd.c</file>
            <file>file:/E:/mc%20module/classworks/A12_TIMER_DOWN_COUNT.X/timers.c</file>
            <file>file:/E:/mc%20module/classworks/A12_TIMER_DOWN_COUNT.X/ssd.h</file>
            <file>file:/E:/mc%20module/classworks/A12_TIMER_DOWN_COUNT.X/digital_keypad.c</file>
            <file>file:/E:/mc%20module/classworks/A12_TIMER_DOWN_COUNT.X/digital_keypad.h</file>
        </group>
    </open-files>
</project-private>
