<?xml version="1.0" encoding="UTF-8"?>
<project-private xmlns="http://www.netbeans.org/ns/project-private/1">
    <editor-bookmarks xmlns="http://www.netbeans.org/ns/editor-bookmarks/2" lastBookmarkId="0"/>
    <open-files xmlns="http://www.netbeans.org/ns/projectui-open-files/2">
        <group>
            <file>file:/E:/mc%20module/classworks/A11-SSD_DYNAMIC_CLOCK.X/main.c</file>
            <file>file:/E:/mc%20module/classworks/A11-SSD_DYNAMIC_CLOCK.X/isr.c</file>
        </group>
    </open-files>
</project-private>
